{"name":"6b145dbb-db72-4dc5-a6c7-5e7713a57bbc","id":"/providers/Microsoft.Flow/flows/6b145dbb-db72-4dc5-a6c7-5e7713a57bbc","type":"Microsoft.Flow/flows","properties":{"apiId":"/providers/Microsoft.PowerApps/apis/shared_logicflows","displayName":"Onhand index query (Blog)","definition":{"metadata":{"workflowEntityId":null,"processAdvisorMetadata":null,"flowclientsuspensionreason":"None","flowclientsuspensiontime":null,"creator":{"id":"bec281b0-35e6-4a23-98f4-b5c40667141f","type":"User","tenantId":"4f06d35e-cdfd-45f9-a1e3-7e554c6dd7fd"},"provisioningMethod":"FromDefinition","failureAlertSubscription":true,"clientLastModifiedTime":"2021-05-06T07:48:23.4539628Z"},"$schema":"https://schema.management.azure.com/providers/Microsoft.Logic/schemas/2016-06-01/workflowdefinition.json#","contentVersion":"1.0.0.0","parameters":{"$authentication":{"defaultValue":{},"type":"SecureObject"},"dynamicscrmonline.organizationName":{"defaultValue":"","type":"String"},"dynamicscrmonline.entityName":{"defaultValue":"","type":"String"}},"triggers":{"manual":{"type":"Request","kind":"Button","inputs":{"schema":{"type":"object","properties":{"text_2":{"title":"LocationId","type":"string","x-ms-dynamically-added":true,"description":"24","x-ms-content-hint":"TEXT"},"text_3":{"title":"ProductId","type":"string","x-ms-dynamically-added":true,"description":"A0001","x-ms-content-hint":"TEXT"},"text":{"title":"OrganizationId","type":"string","x-ms-dynamically-added":true,"description":"USMF","x-ms-content-hint":"TEXT"},"text_1":{"title":"SiteId","type":"string","x-ms-dynamically-added":true,"description":"2","x-ms-content-hint":"TEXT"}},"required":["text_2","text_3","text","text_1"]}}}},"actions":{"HTTP_Get_AAD_token_from_oauth2":{"runAfter":{"Initialize_Environment_Id":["Succeeded"]},"type":"Http","inputs":{"method":"POST","uri":"https://login.microsoftonline.com/@{variables('TenantId')}/oauth2/token","headers":{"Content-Type":"multipart/form-data"},"body":{"$content-type":"multipart/form-data","$multipart":[{"headers":{"Content-Disposition":"form-data; name=\"client_secret\""},"body":"@{variables('ClientSecret')}"},{"headers":{"Content-Disposition":"form-data; name=\"client_id\""},"body":"@{variables('ClinetId')}"},{"headers":{"Content-Disposition":"form-data; name=\"grant_type\""},"body":"client_credentials"},{"headers":{"Content-Disposition":"form-data; name = \"resource\""},"body":"0cdb527f-a8d1-4bf8-9436-b352c68682b2"}]}}},"Initialize_variable":{"runAfter":{"HTTP_Get_AAD_token_from_oauth2":["Succeeded"]},"type":"InitializeVariable","inputs":{"variables":[{"name":"AADtoken","type":"string","value":"@{body('HTTP_Get_AAD_token_from_oauth2')['access_token']}"}]}},"HTTP_Get_Bearer_token_from_Security_Service":{"runAfter":{"Initialize_variable":["Succeeded"]},"type":"Http","inputs":{"method":"POST","uri":"https://securityservice.operations365.dynamics.com/token","body":{"grant_type":"client_credentials","client_assertion_type":"aad_app","client_assertion":"@variables('AADtoken')","Scope":"https://inventoryservice.operations365.dynamics.com/.default","Context":"@{variables('EnvironmentId')}","context_type":"finops-env"}}},"Initialize_Environment_Id":{"runAfter":{"Initialize_Inventory_Visibility_Endpoint":["Succeeded"]},"type":"InitializeVariable","inputs":{"variables":[{"name":"EnvironmentId","type":"string"}]}},"Initialize_Tenant_Id":{"runAfter":{},"type":"InitializeVariable","inputs":{"variables":[{"name":"TenantId","type":"string"}]}},"Initialize_Client_Id":{"runAfter":{"Initialize_Tenant_Id":["Succeeded"]},"type":"InitializeVariable","inputs":{"variables":[{"name":"ClinetId","type":"string"}]}},"Initialize_Client_Secret":{"runAfter":{"Initialize_Client_Id":["Succeeded"]},"type":"InitializeVariable","inputs":{"variables":[{"name":"ClientSecret","type":"string"}]}},"Initialize_Inventory_Visibility_Endpoint":{"runAfter":{"Initialize_Client_Secret":["Succeeded"]},"type":"InitializeVariable","inputs":{"variables":[{"name":"InventoryVisibilityEndpoint","type":"string","value":"https://inventoryservice.weu-il301.gateway.prod.island.powerapps.com"}]}},"HTTP_Post_Onhand_index_query":{"runAfter":{"HTTP_Get_Bearer_token_from_Security_Service":["Succeeded"]},"type":"Http","inputs":{"method":"POST","uri":"@{variables('InventoryVisibilityEndpoint')}/api/environment/@{variables('EnvironmentId')}/onhand/indexquery","headers":{"Authorization":"Bearer @{body('HTTP_Get_Bearer_token_from_Security_Service')['access_token']}","Api-Version":"1.0"},"body":{"filters":{"OrganizationId":["@{triggerBody()['text']}"],"ProductId":["@{triggerBody()['text_3']}"],"SiteId":["@{triggerBody()['text_1']}"],"LocationId":["@{triggerBody()['text_2']}"]},"groupByValues":[],"returnNegative":true}}}},"description":"Executes an on-hand query for the used values."},"connectionReferences":{},"flowFailureAlertSubscribed":false}}